split,correction,requested_rows,matched_rows,coverage,n,rmse_db,mae_db,bias_db,max_abs_error_db
calibration,raw,9,9,1.0,9,2.5839474293504683,2.557824886189937,2.557824886189937,2.97695219539019
calibration,wavelength_linear_in_sample,9,9,1.0,9,0.35531426031561575,0.33315202146961514,-3.9474596431116675e-16,0.5275472718621899
calibration,wavelength_linear_loo,9,9,1.0,9,0.46596503798033795,0.43507546833600746,0.0036928410653922247,0.7248119837698646
holdout,raw,9,9,1.0,9,2.803861316785546,2.7839445515424237,2.7839445515424237,3.109512154180635
holdout,wavelength_linear_trained_on_calibration,9,9,1.0,9,0.3887948541602863,0.3777020073728493,0.21096467678177908,0.47710310048778837
