step_m,max_abs_power_error_db,rms_power_error_db,channels
1600.0,2.5566101283441598e-06,1.194245779158786e-06,41
800.0,1.47821664185454e-07,7.096877484549392e-08,41
400.0,0.0,0.0,41
