step_m,max_abs_power_error_db,rms_power_error_db,channels
1600.0,7.339019928664899e-07,4.753727934806605e-07,41
800.0,4.6009131660380036e-08,3.097922565347801e-08,41
400.0,0.0,0.0,41
