step_m,max_abs_power_error_db,rms_power_error_db,channels
80.0,1.0795645988050633e-11,5.716338687225078e-12,81
40.0,6.287415081926977e-13,3.3774175758288244e-13,81
20.0,0.0,0.0,81
