step_m,max_abs_power_error_db,rms_power_error_db,channels
1600.0,1.982904172488787e-05,6.637109045021195e-06,81
800.0,1.1166252840144015e-06,3.751585251081115e-07,81
400.0,0.0,0.0,81
